serial_number,5 year
1,1.5
2,2.5
3,3.5
4,4.5
5,5.5
6,6.5
7,7.5
8,8.5
9,9.5
10,10.5
11,11.5
12,12.5
13,13.5
14,14.5
15,15.5
16,16.5
17,17.5
18,18.5
19,19.5
20,20.5
21,23.45
22,24.45
23,25.45
24,26.45
25,27.45
26,34.33
27,35.33
28,36.33
29,37.33
30,38.33
31,39.33
32,40.33
33,41.33
34,42.33
35,43.33
36,44.33
37,45.33
38,46.33
39,47.33
40,48.33
41,49.33
42,50.33
43,51.33
44,52.33
45,53.33
46,54.33
47,55.33
48,56.33
49,57.33
50,58.33
51,59.33
52,60.33
53,61.33
54,62.33
55,63.33
56,64.33
57,65.33
58,66.33
59,67.33
60,68.33
61,69.33
62,70.33
63,71.33
64,72.33
65,73.33
66,74.33
67,75.33
68,76.33
69,77.33
70,78.33
71,79.33
72,80.33
73,81.33
74,82.33
75,83.33
76,84.33
77,85.33
78,86.33
79,87.33
80,88.33
81,89.33
82,90.33
83,91.33
84,92.33
85,93.33
86,94.33
87,95.33
88,96.33
89,97.33
90,98.33
91,99.33
92,100.33
93,101.33
94,102.33
95,103.33
96,104.33
97,105.33
98,106.33
99,107.33
100,108.33
101,109.33
102,110.33
103,111.33
104,112.33
105,113.33
106,114.33
107,115.33
108,116.33
109,117.33
110,118.33
111,119.33
112,120.33
113,121.33
114,122.33
115,123.33
116,124.33
117,125.33
118,126.33
119,127.33
120,128.33
121,129.33
122,130.33
123,131.33
124,1.22
125,2.22
126,3.22
127,4.22
128,5.22
129,6.22
130,7.22
131,8.22
132,9.22
133,10.22
134,7.66
135,8.66
136,9.66
137,10.66
138,11.66
139,12.66
140,13.66
141,14.66
142,15.66
143,16.66
144,17.66
145,18.66
146,19.66
147,20.66
148,21.66
149,22.66
150,23.66
151,24.66
152,25.66
153,26.66
154,27.66
155,28.66
156,29.66
157,30.66
158,31.66
159,32.66
160,33.66
161,34.66
162,35.66
163,36.66
164,37.66
165,38.66
166,39.66
167,40.66
168,41.66
169,42.66
170,43.66
171,44.66
172,45.66
173,46.66
174,47.66
175,48.66
176,49.66
177,50.66
178,51.66
179,52.66
180,53.66
181,54.66
182,55.66
183,56.66
184,57.66
185,58.66
186,59.66
187,60.66
188,61.66
189,62.66
190,63.66
191,64.66
192,65.66
193,66.66
194,67.66
195,68.66
196,69.66
197,70.66
198,71.66
199,72.66
200,73.66
201,74.66
202,75.66
203,76.66
204,77.66
205,78.66
206,79.66
207,80.66
208,81.66
209,82.66
210,83.66
211,84.66
212,85.66
213,86.66
214,87.66
215,88.66
216,89.66
217,90.66
218,91.66
219,92.66
220,93.66
221,94.66
222,95.66
223,96.66
224,97.66
225,98.66
226,99.66
227,100.66
228,101.66
229,102.66
230,103.66
231,104.66
232,105.66
233,106.66
234,107.66
235,108.66
236,109.66
237,110.66
238,111.66
239,112.66
240,113.66
241,114.66
242,115.66
243,116.66
244,117.66
245,118.66
246,119.66
247,120.66
248,121.66
249,122.66
250,123.66
251,124.66
252,125.66
253,126.66
254,127.66
255,128.66
256,129.66
257,130.66
258,131.66
259,132.66
260,133.66
261,134.66
262,135.66
263,136.66
264,137.66
265,138.66
266,139.66
267,140.66
268,141.66
269,142.66
270,143.66
271,144.66
272,145.66
273,146.66
274,147.66
275,148.66
276,149.66
277,150.66
278,151.66
279,152.66
280,153.66
281,154.66
282,155.66
283,156.66
284,157.66
285,158.66
286,159.66
287,160.66
288,161.66
289,162.66
290,163.66
291,164.66
292,165.66
293,166.66
294,167.66
295,168.66
296,169.66
297,170.66
298,171.66
299,172.66
300,173.66
301,174.66
302,175.66
303,176.66
304,177.66
305,178.66
306,179.66
307,180.66
308,181.66
309,182.66
310,183.66
311,184.66
312,185.66
313,186.66
314,187.66
315,188.66
316,189.66
317,190.66
318,191.66
319,192.66
320,193.66
321,194.66
322,195.66
323,196.66
324,197.66
325,198.66
326,199.66
327,200.66
328,201.66
329,202.66
330,203.66
331,204.66
332,205.66
333,206.66
334,207.66
335,208.66
336,209.66
337,210.66
338,211.66
339,212.66
340,213.66
341,214.66
342,215.66
343,216.66
344,217.66
345,218.66
346,219.66
347,220.66
348,221.66
349,222.66
350,223.66
351,224.66
352,225.66
353,226.66
354,227.66
355,228.66
356,229.66
357,230.66
358,231.66
359,232.66
360,233.66
361,234.66
362,235.66
363,236.66
364,237.66
365,238.66
366,239.66
367,240.66
368,241.66
369,242.66
370,243.66
371,244.66
372,245.66
373,246.66
374,247.66
375,248.66
376,249.66
377,250.66
378,251.66
379,252.66
380,253.66
381,254.66
382,255.66
383,256.66
384,257.66
385,258.66
386,259.66
387,260.66
388,261.66
389,262.66
390,263.66
391,264.66
392,265.66
393,266.66
394,267.66
395,268.66
396,269.66
397,270.66
398,271.66
399,272.66
400,273.66
401,274.66
402,275.66
403,276.66
404,277.66
405,278.66
406,279.66
407,280.66
408,281.66
409,282.66
410,283.66
411,284.66
412,285.66
413,286.66
414,287.66
415,288.66
416,289.66
417,290.66
418,291.66
419,292.66
420,293.66
421,294.66
422,295.66
423,296.66
424,297.66
425,298.66
426,299.66
427,300.66
428,301.66
429,302.66
430,303.66
431,304.66
432,305.66
433,306.66
434,307.66
435,308.66
436,309.66
437,310.66
438,311.66
439,312.66
440,313.66
441,314.66
442,315.66
443,316.66
444,317.66
445,318.66
446,319.66
447,320.66
448,321.66
449,322.66
450,323.66
451,324.66
452,325.66
453,326.66
454,327.66
455,328.66
456,329.66
457,330.66
458,331.66
459,332.66
460,333.66
461,334.66
462,335.66
463,336.66
464,337.66
465,338.66
466,339.66
467,340.66
468,341.66
469,342.66
470,343.66
471,344.66
472,345.66
473,346.66
474,347.66
475,348.66
476,349.66
477,350.66
478,351.66
479,352.66
480,353.66
481,354.66
482,355.66
483,356.66
484,357.66
485,358.66
486,359.66
487,360.66
488,361.66
489,362.66
490,363.66
491,364.66
492,365.66
493,366.66
494,367.66
495,368.66
496,369.66
497,370.66
498,371.66
499,372.66
500,373.66
501,374.66
502,375.66
503,376.66
504,377.66
505,378.66
506,379.66
507,380.66
508,381.66
509,382.66
510,383.66
511,384.66
512,385.66
513,386.66
514,387.66
515,388.66
516,389.66
517,390.66
518,391.66
519,392.66
520,393.66
521,394.66
522,395.66
523,396.66
524,397.66
525,398.66
526,399.66
527,400.66
528,401.66
529,402.66
530,403.66
531,404.66
532,405.66
533,406.66
534,407.66
535,408.66
536,409.66
537,410.66
538,411.66
539,412.66
540,413.66
541,414.66
542,415.66
543,416.66
544,417.66
545,418.66
546,419.66
547,420.66
548,421.66
549,422.66
550,423.66
551,424.66
552,425.66
553,426.66
554,427.66
555,428.66
556,429.66
557,430.66
558,431.66
559,432.66
560,433.66
561,434.66
562,435.66
563,436.66
564,437.66
565,438.66
566,439.66
567,440.66
568,441.66
569,442.66
570,443.66
571,444.66
572,445.66
573,446.66
574,447.66
575,448.66
576,449.66
577,450.66
578,451.66
579,452.66
580,453.66
581,454.66
582,455.66
583,456.66
584,457.66
585,458.66
586,459.66
587,460.66
588,461.66
589,462.66
590,463.66
591,464.66
592,465.66
593,466.66
594,467.66
595,468.66
596,469.66
597,470.66
598,471.66
599,472.66
600,473.66
601,474.66
602,475.66
603,476.66
604,477.66
605,478.66
606,479.66
607,480.66
608,481.66
609,482.66
610,483.66
611,484.66
612,485.66
613,486.66
614,487.66
615,488.66
616,489.66
617,490.66
618,491.66
619,492.66
620,493.66
621,494.66
622,495.66
623,496.66
624,497.66
625,498.66
626,499.66
627,500.66
628,501.66
629,502.66
630,503.66
631,504.66
632,505.66
633,506.66
634,507.66
635,508.66
636,509.66
637,510.66
638,511.66
639,512.66
640,513.66
641,514.66
642,515.66
643,516.66
644,517.66
645,518.66
646,519.66
647,520.66
648,521.66
649,522.66
650,523.66
651,524.66
652,525.66
653,526.66
654,527.66
655,528.66
656,529.66
657,530.66
658,531.66
659,532.66
660,533.66
661,534.66
662,535.66
663,536.66
664,537.66
665,538.66
666,539.66
667,540.66
668,541.66
669,542.66
670,543.66
671,544.66
672,545.66
673,546.66
674,547.66
675,548.66
676,549.66
677,550.66
678,551.66
679,552.66
680,553.66
681,554.66
682,555.66
683,556.66
684,557.66
685,558.66
686,559.66
687,560.66
688,561.66
689,562.66
690,563.66
691,564.66
692,565.66
693,566.66
694,567.66
695,568.66
696,569.66
697,570.66
698,571.66
699,572.66
700,573.66
701,574.66
702,575.66
703,576.66
704,577.66
705,578.66
706,579.66
707,580.66
708,581.66
709,582.66
710,583.66
711,584.66
712,585.66
713,586.66
714,587.66
715,588.66
716,589.66
717,590.66
718,591.66
719,592.66
720,593.66
721,594.66
722,595.66
723,596.66
724,597.66
725,598.66
726,599.66
727,600.66
728,601.66
729,602.66
730,603.66
731,604.66
732,605.66
733,606.66
734,607.66
735,608.66
736,609.66
737,610.66
738,611.66
739,612.66
740,613.66
741,614.66
742,615.66
743,616.66
744,617.66
745,618.66
746,619.66
747,620.66
748,621.66
749,622.66
750,623.66
751,624.66
752,625.66
753,626.66
754,627.66
755,628.66
756,629.66
757,630.66
758,631.66
759,632.66
760,633.66
761,634.66
762,635.66
763,636.66
764,637.66
765,638.66
766,639.66
767,640.66
768,641.66
769,642.66
770,643.66
771,644.66
772,645.66
773,646.66
774,647.66
775,648.66
776,649.66
777,650.66
778,651.66
779,652.66
780,653.66
781,654.66
782,655.66
783,656.66
784,657.66
785,658.66
786,659.66
787,660.66
788,661.66
789,662.66
790,663.66
791,664.66
792,665.66
793,666.66
794,667.66
795,668.66
796,669.66
797,670.66
798,671.66
799,672.66
800,673.66
801,674.66
802,675.66
803,676.66
804,677.66
805,678.66
806,679.66
807,680.66
808,681.66
809,682.66
810,683.66
811,684.66
812,685.66
813,686.66
814,687.66
815,688.66
816,689.66
817,690.66
818,691.66
819,692.66
820,693.66
821,694.66
822,695.66
823,696.66
824,697.66
825,698.66
826,699.66
827,700.66
828,701.66
829,702.66
830,703.66
831,704.66
832,705.66
833,706.66
834,707.66
835,708.66
836,709.66
837,710.66
838,711.66
839,712.66
840,713.66
841,714.66
842,715.66
843,716.66
844,717.66
845,718.66
846,719.66
847,720.66
848,721.66
849,722.66
850,723.66
851,724.66
852,725.66
853,726.66
854,727.66
855,728.66
856,729.66
857,730.66
858,731.66
859,732.66
860,733.66
861,734.66
862,735.66
863,736.66
864,737.66
865,738.66
866,739.66
867,740.66
868,741.66
869,742.66
870,743.66
871,744.66
872,745.66
873,746.66
874,747.66
875,748.66
876,749.66
877,750.66
878,751.66
879,752.66
880,753.66
881,754.66
882,755.66
883,756.66
884,757.66
885,758.66
886,759.66
887,760.66
888,761.66
889,762.66
890,763.66
891,764.66
892,765.66
893,766.66
894,767.66
895,768.66
896,769.66
897,770.66
898,771.66
899,772.66
900,773.66
901,774.66
902,775.66
903,776.66
904,777.66
905,778.66
906,779.66
907,780.66
908,781.66
909,782.66
910,783.66
911,784.66
912,785.66
913,786.66
914,787.66
915,788.66
916,789.66
917,790.66
918,791.66
919,792.66
920,793.66
921,794.66
922,795.66
923,796.66
924,797.66
925,798.66
926,799.66
927,800.66
928,801.66
929,802.66
930,803.66
931,804.66
932,805.66
933,806.66
934,807.66
935,808.66
936,809.66
937,810.66
938,811.66
939,812.66
940,813.66
941,814.66
942,815.66
943,816.66
944,817.66
945,818.66
946,819.66
947,820.66
948,821.66
949,822.66
950,823.66
951,824.66
952,825.66
953,826.66
954,827.66
955,828.66
956,829.66
957,830.66
958,831.66
959,832.66
960,833.66
961,834.66
962,835.66
963,836.66
964,837.66
965,838.66
966,839.66
967,840.66
968,841.66
969,842.66
970,843.66
971,844.66
972,845.66
973,846.66
974,847.66
975,848.66
976,849.66
977,850.66
978,851.66
979,852.66
980,853.66
981,854.66
982,855.66
983,856.66
984,857.66
985,858.66
986,859.66
987,860.66
988,861.66
989,862.66
990,863.66
991,864.66
992,865.66
993,866.66
994,867.66
995,868.66
996,869.66
997,870.66
998,871.66
999,872.66
1000,873.66
1001,874.66
1002,875.66
1003,876.66
1004,877.66
1005,878.66
1006,879.66
1007,880.66
1008,881.66
1009,882.66
1010,883.66
1011,884.66
1012,885.66
1013,886.66
1014,887.66
1015,888.66
1016,889.66
1017,890.66
1018,891.66
1019,892.66
1020,893.66
1021,894.66
1022,895.66
1023,896.66
1024,897.66
1025,898.66
1026,899.66
1027,900.66
1028,901.66
1029,902.66
1030,903.66
1031,904.66
1032,905.66
1033,906.66
1034,907.66
1035,908.66
1036,909.66
1037,910.66
1038,911.66
1039,912.66
1040,913.66
1041,914.66
1042,915.66
1043,916.66
1044,917.66
1045,918.66
1046,919.66
1047,920.66
1048,921.66
1049,922.66
1050,923.66
1051,924.66
1052,925.66
1053,926.66
1054,927.66
1055,928.66
1056,929.66
1057,930.66
1058,931.66
1059,932.66
1060,933.66
1061,934.66
1062,935.66
1063,936.66
1064,937.66
1065,938.66
1066,939.66
1067,940.66
1068,941.66
1069,942.66
1070,943.66
1071,944.66
1072,945.66
1073,946.66
1074,947.66
1075,948.66
1076,949.66
1077,950.66
1078,951.66
1079,952.66
1080,953.66
1081,954.66
1082,955.66
1083,956.66
1084,957.66
1085,958.66
1086,959.66
1087,960.66
1088,961.66
1089,962.66
1090,963.66
1091,964.66
1092,965.66
1093,966.66
1094,967.66
1095,968.66
1096,969.66
1097,970.66
1098,971.66
1099,972.66
1100,973.66
1101,974.66
1102,975.66
1103,976.66
1104,977.66
1105,978.66
1106,979.66
1107,980.66
1108,981.66
1109,982.66
1110,983.66
1111,984.66
1112,985.66
1113,986.66
1114,987.66
1115,988.66
1116,989.66
1117,990.66
1118,991.66
1119,992.66
1120,993.66
1121,994.66
1122,995.66
1123,996.66
1124,997.66
1125,998.66
1126,999.66
1127,1000.66
1128,1001.66
1129,1002.66
1130,1003.66
1131,1004.66
1132,1005.66
1133,1006.66
1134,1007.66
1135,1008.66
1136,1009.66
1137,1010.66
1138,1011.66
1139,1012.66
1140,1013.66
1141,1014.66
1142,1015.66
1143,1016.66
1144,1017.66
1145,1018.66
1146,1019.66
1147,1020.66
1148,1021.66
1149,1022.66
1150,1023.66
1151,1024.66
1152,1025.66
1153,1026.66
1154,1027.66
1155,1028.66
1156,1029.66
1157,1030.66
1158,1031.66
1159,1032.66
1160,1033.66
1161,1034.66
1162,1035.66
1163,1036.66
1164,1037.66
1165,1038.66
1166,1039.66
1167,1040.66
1168,1041.66
1169,1042.66
1170,1043.66
1171,1044.66
1172,1045.66
1173,1046.66
1174,1047.66
1175,1048.66
1176,1049.66
1177,1050.66
1178,1051.66
1179,1052.66
1180,1053.66
1181,1054.66
1182,1055.66
1183,1056.66
1184,1057.66
1185,1058.66
1186,1059.66
1187,1060.66
1188,1061.66
1189,1062.66
1190,1063.66
1191,1064.66
1192,1065.66
1193,1066.66
1194,1067.66
1195,1068.66
1196,1069.66
1197,1070.66
1198,1071.66
1199,1072.66
1200,1073.66
1201,1074.66
1202,1075.66
1203,1076.66
1204,1077.66
1205,1078.66
1206,1079.66
1207,1080.66
1208,1081.66
1209,1082.66
1210,1083.66
1211,1084.66
1212,1085.66
1213,1086.66
1214,1087.66
1215,1088.66
1216,1089.66
1217,1090.66
1218,1091.66
1219,1092.66
1220,1093.66
1221,1094.66
1222,1095.66
1223,1096.66
1224,1097.66
1225,1098.66
1226,1099.66
1227,1100.66
1228,1101.66
1229,1102.66
1230,1103.66
1231,1104.66
1232,1105.66
1233,1106.66
1234,1107.66
1235,1108.66
1236,1109.66
1237,1110.66
1238,1111.66
1239,1112.66
1240,1113.66
1241,1114.66
1242,1115.66
1243,1116.66
1244,1117.66
1245,1118.66
1246,1119.66
1247,1120.66
1248,1121.66
1249,1122.66
1250,1123.66
1251,1124.66
1252,1125.66
1253,1126.66
1254,1127.66
1255,1128.66
1256,1129.66
1257,1130.66
1258,1131.66
1259,1132.66
1260,1133.66
1261,1134.66
1262,1135.66
1263,1136.66
1264,1137.66
1265,1138.66
1266,1139.66
1267,1140.66
1268,1141.66
1269,1142.66
1270,1143.66
1271,1144.66
1272,1145.66
1273,1146.66
1274,1147.66
1275,1148.66
1276,1149.66
1277,1150.66
1278,1151.66
1279,1152.66
1280,1153.66
1281,1154.66
1282,1155.66
1283,1156.66
1284,1157.66
1285,1158.66
1286,1159.66
1287,1160.66
1288,1161.66
1289,1162.66
1290,1163.66
1291,1164.66
1292,1165.66
1293,1166.66
1294,1167.66
1295,1168.66
1296,1169.66
1297,1170.66
1298,1171.66
1299,1172.66
1300,1173.66
1301,1174.66
1302,1175.66
1303,1176.66
1304,1177.66
1305,1178.66
1306,1179.66
1307,1180.66
1308,1181.66
1309,1182.66
1310,1183.66
1311,1184.66
1312,1185.66
1313,1186.66
1314,1187.66
1315,1188.66
1316,1189.66
1317,1190.66
1318,1191.66
1319,1192.66
1320,1193.66
1321,1194.66
1322,1195.66
1323,1196.66
1324,1197.66
1325,1198.66
1326,1199.66
1327,1200.66
1328,1201.66
1329,1202.66
1330,1203.66
1331,1204.66
1332,1205.66
1333,1206.66
1334,1207.66
1335,1208.66
1336,1209.66
1337,1210.66
1338,1211.66
1339,1212.66
1340,1213.66
1341,1214.66
1342,1215.66
1343,2.44
1344,3.44
1345,4.44
1346,5.44
1347,6.44
1348,7.44
1349,8.44
1350,9.44
1351,10.44
1352,11.44
1353,12.44
1354,13.44
1355,14.44
1356,15.44
1357,16.44
1358,17.44
1359,18.44
1360,19.44
1361,20.44
1362,21.44
1363,22.44
1364,23.44
1365,24.44
1366,25.44
1367,26.44
1368,27.44
1369,28.44
1370,29.44
1371,30.44
1372,31.44
1373,32.44
1374,33.44
1375,34.44
1376,35.44
1377,36.44
1378,37.44
1379,38.44
1380,39.44
1381,40.44
1382,41.44
1383,42.44
1384,43.44
1385,44.44
1386,45.44
1387,46.44
1388,47.44
1389,48.44
1390,49.44
1391,50.44
1392,51.44
1393,52.44
1394,53.44
1395,54.44
1396,55.44
1397,56.44
1398,57.44
1399,58.44
1400,59.44
1401,60.44
1402,61.44
1403,62.44
1404,63.44
1405,64.44
1406,65.44
1407,66.44
1408,67.44
1409,68.44
1410,69.44
1411,70.44
1412,71.44
1413,72.44
1414,73.44
1415,74.44
1416,75.44
1417,76.44
1418,77.44
1419,78.44
1420,79.44
1421,80.44
1422,81.44
1423,82.44
1424,83.44
1425,84.44
1426,85.44
1427,86.44
1428,87.44
1429,88.44
1430,89.44
1431,90.44
1432,91.44
1433,92.44
1434,93.44
1435,94.44
1436,95.44
1437,96.44
1438,97.44
1439,98.44
1440,99.44
1441,100.44
1442,101.44
1443,102.44
1444,103.44
1445,104.44
1446,105.44
1447,106.44
1448,107.44
1449,108.44
1450,109.44
1451,110.44
1452,111.44
1453,112.44
1454,113.44
1455,114.44
1456,115.44
1457,116.44
1458,117.44
1459,118.44
1460,119.44
1461,120.44
1462,121.44
1463,122.44
1464,123.44
1465,124.44
1466,125.44
1467,126.44
1468,127.44
1469,128.44
1470,129.44
1471,130.44
1472,131.44
1473,132.44
1474,133.44
1475,134.44
1476,135.44
1477,136.44
1478,137.44
1479,138.44
1480,139.44
1481,140.44
1482,141.44
1483,142.44
1484,143.44
1485,144.44
1486,145.44
1487,146.44
1488,147.44
1489,148.44
1490,149.44
1491,150.44
1492,151.44
1493,152.44
1494,153.44
1495,154.44
1496,155.44
1497,156.44
1498,157.44
1499,158.44
1500,159.44
1501,160.44
1502,161.44
1503,162.44
1504,163.44
1505,164.44
1506,165.44
1507,166.44
1508,167.44
1509,168.44
1510,169.44
1511,170.44
1512,171.44
1513,172.44
1514,173.44
1515,174.44
1516,175.44
1517,176.44
1518,177.44
1519,178.44
1520,179.44
1521,180.44
1522,181.44
1523,182.44
1524,183.44
1525,184.44
1526,185.44
1527,186.44
1528,187.44
1529,188.44
1530,189.44
1531,190.44
1532,191.44
1533,192.44
1534,193.44
1535,194.44
1536,195.44
1537,196.44
1538,197.44
1539,198.44
1540,199.44
1541,200.44
1542,201.44
1543,202.44
1544,203.44
1545,204.44
1546,205.44
1547,206.44
1548,207.44
1549,208.44
1550,209.44
1551,210.44
1552,211.44
1553,212.44
1554,213.44
1555,214.44
1556,215.44
1557,216.44
1558,217.44
1559,218.44
1560,219.44
1561,220.44
1562,221.44
1563,222.44
1564,223.44
1565,224.44
1566,225.44
1567,226.44
1568,227.44
1569,228.44
1570,229.44
1571,230.44
1572,231.44
1573,232.44
1574,233.44
1575,234.44
1576,235.44
1577,236.44
1578,237.44
1579,238.44
1580,239.44
1581,240.44
1582,241.44
1583,242.44
1584,243.44
1585,244.44
1586,245.44
1587,246.44
1588,247.44
1589,248.44
1590,249.44
1591,250.44
1592,251.44
1593,252.44
1594,253.44
1595,
1596,
1597,
1598,
1599,
1600,
1601,
1602,
1603,
1604,
1605,
1606,
1607,
1608,
1609,
1610,
1611,0.11
1612,1.11
1613,2.11
1614,3.11
1615,4.11
1616,5.11
1617,6.11
1618,7.11
1619,8.11
1620,9.11
1621,10.11
1622,11.11
1623,12.11
1624,13.11
1625,14.11
1626,15.11
1627,16.11
1628,17.11
1629,18.11
1630,19.11
1631,20.11
1632,21.11
1633,22.11
1634,23.11
1635,24.11
1636,25.11
1637,26.11
1638,27.11
1639,28.11
1640,29.11
1641,30.11
1642,31.11
1643,32.11
1644,33.11
1645,34.11
1646,35.11
1647,36.11
1648,37.11
1649,38.11
1650,39.11
1651,40.11
1652,41.11
1653,42.11
1654,43.11
1655,44.11
1656,45.11
1657,46.11
1658,47.11
1659,48.11
1660,49.11
1661,50.11
1662,51.11
1663,52.11
1664,53.11
1665,54.11
1666,55.11
1667,56.11
1668,57.11
1669,58.11
1670,59.11
1671,60.11
1672,61.11
1673,62.11
1674,63.11
1675,64.11
1676,65.11
1677,66.11
1678,67.11
1679,68.11
1680,69.11
1681,70.11
1682,71.11
1683,72.11
1684,73.11
1685,74.11
1686,75.11
1687,76.11
1688,77.11
1689,78.11
1690,79.11
1691,80.11
1692,81.11
1693,82.11
1694,83.11
1695,84.11
1696,85.11
1697,86.11
1698,87.11
1699,88.11
1700,89.11
1701,90.11
1702,91.11
1703,92.11
1704,93.11
1705,94.11
1706,95.11
1707,96.11
1708,97.11
1709,98.11
1710,99.11
1711,100.11
1712,101.11
1713,102.11
1714,103.11
1715,104.11
1716,105.11
1717,106.11
1718,107.11
1719,108.11
1720,109.11
1721,110.11
1722,111.11
1723,112.11
1724,113.11
1725,114.11
1726,115.11
1727,116.11
1728,117.11
1729,118.11
1730,119.11
1731,120.11
1732,121.11
1733,122.11
1734,123.11
1735,124.11
1736,125.11
1737,126.11
1738,127.11
1739,128.11
1740,129.11
1741,130.11
1742,131.11
1743,132.11
1744,133.11
1745,134.11
1746,135.11
1747,136.11
1748,137.11
1749,138.11
1750,139.11
1751,140.11
1752,141.11
1753,142.11
1754,143.11
1755,144.11
1756,145.11
1757,146.11
1758,147.11
1759,148.11
1760,149.11
1761,150.11
1762,151.11
1763,152.11
1764,153.11
1765,154.11
1766,155.11
1767,156.11
1768,157.11
1769,158.11
1770,159.11
1771,160.11
1772,161.11
1773,162.11
1774,163.11
1775,164.11
1776,165.11
1777,166.11
1778,167.11
1779,168.11
1780,169.11
1781,170.11
1782,171.11
1783,172.11
1784,173.11
1785,174.11
1786,175.11
1787,176.11
1788,177.11
1789,178.11
1790,179.11
1791,180.11
1792,181.11
1793,182.11
1794,183.11
1795,184.11
1796,185.11
1797,186.11
1798,187.11
1799,188.11
1800,189.11
1801,190.11
1802,191.11
1803,192.11
1804,193.11
1805,194.11
1806,195.11
1807,196.11
1808,197.11
1809,198.11
1810,199.11
1811,200.11
1812,201.11
1813,202.11
1814,203.11
1815,204.11
1816,205.11
1817,206.11
1818,207.11
1819,208.11
1820,209.11
1821,210.11
1822,211.11
1823,212.11
1824,213.11
1825,214.11
1826,215.11
1827,216.11
1828,217.11
1829,218.11
1830,219.11
1831,220.11
1832,221.11
1833,222.11
1834,223.11
1835,224.11
1836,225.11
1837,226.11
1838,227.11
1839,228.11
1840,229.11
1841,230.11
1842,231.11
1843,232.11
1844,233.11
1845,234.11
1846,235.11
1847,236.11
1848,237.11
1849,238.11
1850,239.11
1851,240.11
1852,241.11
1853,242.11
1854,243.11
1855,244.11
1856,245.11
1857,246.11
1858,247.11
1859,248.11
1860,249.11
1861,250.11
1862,251.11
1863,252.11
1864,253.11
1865,254.11
1866,255.11
1867,256.11
1868,257.11
1869,258.11
1870,259.11
1871,260.11
1872,261.11
1873,262.11
1874,263.11
1875,264.11
1876,265.11
1877,266.11
1878,267.11
1879,268.11
1880,269.11
1881,270.11
1882,271.11
1883,272.11
1884,273.11
1885,274.11
1886,275.11
1887,276.11
1888,277.11
1889,278.11
1890,279.11
1891,280.11
1892,281.11
1893,282.11
1894,283.11
1895,284.11
1896,285.11
1897,286.11
1898,287.11
1899,288.11
1900,289.11
1901,290.11
1902,291.11
1903,292.11
1904,293.11
1905,294.11
1906,295.11
1907,296.11
1908,297.11
1909,298.11
1910,299.11
1911,300.11
1912,301.11
1913,302.11
1914,303.11
1915,304.11
1916,305.11
1917,306.11
1918,307.11
1919,308.11
1920,309.11
1921,310.11
1922,311.11
1923,312.11
1924,313.11
1925,314.11
1926,315.11
1927,316.11
1928,317.11
1929,318.11
1930,319.11
1931,320.11
1932,321.11
1933,322.11
1934,323.11
1935,324.11
1936,325.11
1937,326.11
1938,327.11
1939,328.11
1940,329.11
1941,330.11
1942,331.11
1943,332.11
1944,333.11
1945,334.11
1946,335.11
1947,336.11
1948,337.11
1949,338.11
1950,339.11
1951,340.11
1952,341.11
1953,342.11
1954,343.11
1955,344.11
1956,345.11
1957,346.11
1958,347.11
1959,348.11
1960,349.11
1961,350.11
1962,351.11
1963,352.11
1964,353.11
1965,354.11
1966,355.11
1967,356.11
1968,357.11
1969,358.11
1970,359.11
1971,360.11
1972,361.11
1973,362.11
1974,363.11
1975,364.11
1976,365.11
1977,366.11
1978,367.11
1979,368.11
1980,369.11
1981,370.11
1982,371.11
1983,372.11
1984,373.11
1985,374.11
1986,375.11
1987,376.11
1988,377.11
1989,378.11
1990,379.11
1991,380.11
1992,381.11
1993,382.11
1994,383.11
1995,384.11
1996,385.11
1997,386.11
1998,387.11
1999,388.11
2000,389.11
2001,390.11
2002,391.11
2003,392.11
2004,393.11
2005,394.11
2006,395.11
2007,396.11
2008,397.11
2009,398.11
2010,399.11
2011,400.11
2012,401.11
2013,402.11
2014,403.11
2015,404.11
2016,405.11
2017,406.11
2018,407.11
2019,408.11
2020,409.11
2021,410.11
2022,411.11
2023,412.11
2024,413.11
2025,414.11
2026,415.11
2027,416.11
2028,417.11
2029,418.11
2030,419.11
2031,420.11
2032,421.11
2033,422.11
2034,423.11
2035,424.11
2036,425.11
2037,426.11
2038,427.11
2039,428.11
2040,429.11
2041,430.11
2042,431.11
2043,432.11
2044,433.11
2045,434.11
2046,435.11
2047,436.11
2048,437.11
2049,438.11
2050,439.11
2051,440.11
2052,441.11
2053,442.11
2054,443.11
2055,444.11
2056,445.11
2057,446.11
2058,447.11
2059,448.11
2060,449.11
2061,450.11
2062,451.11
2063,452.11
2064,453.11
2065,454.11
2066,455.11
2067,456.11
2068,457.11
2069,458.11
2070,459.11
2071,460.11
2072,461.11
2073,462.11
2074,463.11
2075,464.11
2076,465.11
2077,466.11
2078,467.11
2079,468.11
2080,469.11
2081,470.11
2082,471.11
2083,472.11
2084,473.11
2085,474.11
2086,475.11
2087,476.11
2088,477.11
2089,478.11
2090,479.11
2091,480.11
2092,481.11
2093,482.11
2094,483.11
2095,484.11
2096,485.11
2097,486.11
2098,487.11
2099,488.11
2100,489.11
2101,490.11
2102,491.11
2103,492.11
2104,493.11
2105,494.11
2106,495.11
2107,496.11
2108,497.11
2109,498.11
2110,499.11
2111,500.11
2112,501.11
2113,502.11
2114,503.11
2115,504.11
2116,505.11
2117,506.11
2118,507.11
2119,508.11
2120,509.11
2121,510.11
2122,511.11
2123,512.11
2124,513.11
2125,514.11
2126,515.11
2127,516.11
2128,517.11
2129,518.11
2130,519.11
2131,520.11
2132,521.11
2133,522.11
2134,523.11
2135,524.11
2136,525.11
2137,526.11
2138,527.11
2139,528.11
2140,529.11
2141,530.11
2142,531.11
2143,532.11
2144,533.11
2145,534.11
2146,535.11
2147,536.11
2148,537.11
2149,538.11
2150,539.11
2151,540.11
2152,541.11
2153,542.11
2154,543.11
2155,544.11
2156,545.11
2157,546.11
2158,547.11
2159,548.11
2160,549.11
2161,550.11
2162,551.11
2163,552.11
2164,553.11
2165,554.11
2166,555.11
2167,556.11
2168,557.11
2169,558.11
2170,559.11
2171,560.11
2172,561.11
2173,562.11
2174,563.11
2175,564.11
2176,565.11
2177,566.11
2178,567.11
2179,568.11
2180,569.11
2181,570.11
2182,571.11
2183,572.11
2184,573.11
2185,574.11
2186,575.11
2187,576.11
2188,577.11
2189,578.11
2190,579.11
2191,580.11
2192,581.11
2193,582.11
2194,583.11
2195,584.11
2196,585.11
2197,586.11
2198,587.11
2199,588.11
2200,589.11
2201,590.11
2202,591.11
2203,592.11
2204,593.11
2205,594.11
2206,595.11
2207,596.11
2208,597.11
2209,598.11
2210,599.11
2211,600.11
2212,601.11
2213,602.11
2214,603.11
2215,604.11
2216,605.11
2217,606.11
2218,607.11
2219,608.11
2220,609.11
2221,610.11
2222,611.11
2223,612.11
2224,613.11
2225,614.11
2226,615.11
2227,616.11
2228,617.11
2229,618.11
2230,619.11
2231,620.11
2232,621.11
2233,622.11
2234,623.11
2235,624.11
2236,625.11
2237,626.11
2238,627.11
2239,628.11
2240,629.11
2241,630.11
2242,631.11
2243,632.11
2244,633.11
2245,634.11
2246,635.11
2247,636.11
2248,637.11
2249,638.11
2250,639.11
2251,640.11
2252,641.11
2253,642.11
2254,643.11
2255,644.11
2256,645.11
2257,646.11
2258,647.11
2259,648.11
2260,649.11
2261,650.11
2262,651.11
2263,652.11
2264,653.11
2265,654.11
2266,655.11
2267,656.11
2268,657.11
2269,658.11
2270,659.11
2271,660.11
2272,661.11
2273,662.11
2274,663.11
2275,664.11
2276,665.11
2277,666.11
2278,667.11
2279,668.11
2280,669.11
2281,670.11
2282,671.11
2283,672.11
2284,673.11
2285,674.11
2286,675.11
2287,676.11
2288,677.11
2289,678.11
2290,679.11
2291,680.11
2292,681.11
2293,682.11
2294,683.11
2295,684.11
2296,685.11
2297,686.11
2298,687.11
2299,688.11
2300,689.11
2301,690.11
2302,691.11
2303,692.11
2304,693.11
2305,694.11
2306,695.11
2307,696.11
2308,697.11
2309,698.11
2310,699.11
2311,700.11
2312,701.11
2313,702.11
2314,703.11
2315,704.11
2316,705.11
2317,706.11
2318,707.11
2319,708.11
2320,709.11
2321,710.11
2322,711.11
2323,712.11
2324,713.11
2325,714.11
2326,715.11
2327,716.11
2328,717.11
2329,718.11
2330,719.11
2331,720.11
2332,721.11
2333,722.11
2334,723.11
2335,724.11
2336,725.11
2337,726.11
2338,727.11
2339,728.11
2340,729.11
2341,730.11
2342,731.11
2343,732.11
2344,733.11
2345,734.11
2346,735.11
2347,736.11
2348,737.11
2349,738.11
2350,739.11
2351,740.11
2352,741.11
2353,742.11
2354,743.11
2355,744.11
2356,745.11
2357,746.11
2358,747.11
2359,748.11
2360,749.11
2361,750.11
2362,751.11
2363,752.11
2364,753.11
2365,754.11
2366,755.11
2367,756.11
2368,757.11
2369,758.11
2370,759.11
2371,760.11
2372,761.11
2373,762.11
2374,763.11
2375,764.11
2376,765.11
2377,766.11
2378,767.11
2379,768.11
2380,769.11
2381,770.11
2382,771.11
2383,772.11
2384,773.11
2385,774.11
2386,775.11
2387,776.11
2388,777.11
2389,778.11
2390,779.11
2391,780.11
2392,781.11
2393,782.11
2394,783.11
2395,784.11
2396,785.11
2397,786.11
2398,787.11
2399,788.11
2400,789.11
2401,790.11
2402,791.11
2403,792.11
2404,793.11
2405,794.11
2406,795.11
2407,796.11
2408,797.11
2409,798.11
2410,799.11
2411,800.11
2412,801.11
2413,802.11
2414,803.11
2415,804.11
2416,805.11
2417,806.11
2418,807.11
2419,808.11
2420,809.11
2421,810.11
2422,811.11
2423,812.11
2424,813.11
2425,814.11
2426,815.11
2427,816.11
2428,817.11
2429,818.11
2430,819.11
2431,820.11
2432,821.11
2433,822.11
2434,823.11
2435,824.11
2436,825.11
2437,826.11
2438,827.11
2439,828.11
2440,829.11
2441,830.11
2442,831.11
2443,832.11
2444,833.11
2445,834.11
2446,835.11
2447,836.11
2448,837.11
2449,838.11
2450,839.11
2451,840.11
2452,841.11
2453,842.11
2454,843.11
2455,844.11
2456,845.11
2457,846.11
2458,847.11
2459,848.11
2460,849.11
2461,850.11
2462,851.11
2463,852.11
2464,853.11
2465,854.11
2466,855.11
2467,856.11
2468,857.11
2469,858.11
2470,859.11
2471,860.11
2472,861.11
2473,862.11
2474,863.11
2475,864.11
2476,865.11
2477,866.11
2478,867.11
2479,868.11
2480,869.11
2481,870.11
2482,871.11
2483,872.11
2484,873.11
2485,874.11
2486,875.11
2487,876.11
2488,877.11
2489,878.11
2490,879.11
2491,880.11
2492,881.11
2493,882.11
2494,883.11
2495,884.11
2496,885.11
2497,886.11
2498,887.11
2499,888.11
2500,889.11
2501,890.11
2502,891.11
2503,892.11
2504,893.11
2505,894.11
2506,895.11
2507,896.11
2508,897.11
2509,898.11
2510,899.11
2511,900.11
2512,901.11
2513,902.11
2514,903.11
2515,904.11
2516,905.11
2517,906.11
2518,907.11
2519,908.11
2520,909.11
2521,910.11
2522,911.11
2523,912.11
2524,913.11
2525,914.11
2526,915.11
2527,916.11
2528,917.11
2529,918.11
2530,919.11
2531,920.11
2532,921.11
2533,922.11
2534,923.11
2535,924.11
2536,925.11
2537,926.11
2538,927.11
2539,928.11
2540,929.11
2541,930.11
2542,931.11
2543,932.11
2544,933.11
2545,934.11
2546,935.11
2547,936.11
2548,937.11
2549,938.11
2550,939.11
2551,940.11
2552,941.11
2553,942.11
2554,943.11
2555,944.11
2556,945.11
2557,946.11
2558,947.11
2559,948.11
2560,949.11
2561,950.11
2562,951.11
2563,952.11
2564,953.11
2565,954.11
2566,955.11
2567,956.11
2568,957.11
2569,958.11
2570,959.11
2571,960.11
2572,961.11
2573,962.11
2574,963.11
2575,964.11
2576,965.11
2577,966.11
2578,967.11
2579,968.11
2580,969.11
2581,970.11
2582,971.11
2583,972.11
2584,973.11
2585,974.11
2586,975.11
2587,976.11
2588,977.11
2589,978.11
2590,979.11
2591,980.11
2592,981.11
2593,982.11
2594,983.11
2595,984.11
2596,985.11
2597,986.11
2598,987.11
2599,988.11
2600,989.11
2601,990.11
2602,991.11
2603,992.11
2604,993.11
2605,994.11
2606,995.11
2607,996.11
2608,997.11
2609,998.11
2610,999.11
2611,1000.11
2612,1001.11
2613,1002.11
2614,1003.11
2615,1004.11
2616,1005.11
2617,1006.11
2618,1007.11
2619,1008.11
2620,1009.11
2621,1010.11
2622,1011.11
2623,1012.11
2624,1013.11
2625,1014.11
2626,1015.11
2627,1016.11
2628,1017.11
2629,1018.11
2630,1019.11
2631,1020.11
2632,1021.11
2633,1022.11
2634,1023.11
2635,1024.11
2636,1025.11
2637,1026.11
2638,1027.11
2639,1028.11
2640,1029.11
2641,1030.11
2642,1031.11
2643,1032.11
2644,1033.11
2645,1034.11
2646,1035.11
2647,1036.11
2648,1037.11
2649,1038.11
2650,1039.11
2651,1040.11
2652,1041.11
2653,1042.11
2654,1043.11
2655,1044.11
2656,1045.11
2657,1046.11
2658,1047.11
2659,1048.11
2660,1049.11
2661,1050.11
2662,1051.11
2663,1052.11
2664,1053.11
2665,1054.11
2666,1055.11
2667,1056.11
2668,1057.11
2669,1058.11
2670,1059.11
2671,1060.11
2672,1061.11
2673,1062.11
2674,1063.11
2675,1064.11
2676,1065.11
2677,1066.11
2678,1067.11
2679,1068.11
2680,1069.11
2681,1070.11
2682,1071.11
2683,1072.11
2684,1073.11
2685,1074.11
2686,1075.11
2687,1076.11
2688,1077.11
2689,1078.11
2690,1079.11
2691,1080.11
2692,1081.11
2693,1082.11
2694,1083.11
2695,1084.11
2696,1085.11
2697,1086.11
2698,1087.11
2699,1088.11
2700,1089.11
2701,1090.11
2702,1091.11
2703,1092.11
2704,1093.11
2705,1094.11
2706,1095.11
2707,1096.11
2708,1097.11
2709,1098.11
2710,1099.11
2711,1100.11
2712,1101.11
2713,1102.11
2714,1103.11
2715,1104.11
2716,1105.11
2717,1106.11
2718,1107.11
2719,1108.11
2720,1109.11
2721,1110.11
2722,1111.11
2723,1112.11
2724,1113.11
2725,1114.11
2726,1115.11
2727,1116.11
2728,1117.11
2729,1118.11
2730,1119.11
2731,1120.11
2732,1121.11
2733,1122.11
2734,1123.11
2735,1124.11
2736,1125.11
2737,1126.11
2738,1127.11
2739,1128.11
2740,1129.11
2741,1130.11
2742,1131.11
2743,1132.11
2744,1133.11
2745,1134.11
2746,1135.11
2747,1136.11
2748,1137.11
2749,1138.11
2750,1139.11
2751,1140.11
2752,1141.11
2753,1142.11
2754,1143.11
2755,1144.11
2756,1145.11
2757,1146.11
2758,1147.11
2759,1148.11
2760,1149.11
2761,1150.11
2762,1151.11
2763,1152.11
2764,1153.11
2765,1154.11
2766,1155.11
2767,1156.11
2768,1157.11
2769,1158.11
2770,1159.11
2771,1160.11
2772,1161.11
2773,1162.11
2774,1163.11
2775,1164.11
2776,1165.11
2777,1166.11
2778,1167.11
2779,1168.11
2780,1169.11
2781,1170.11
2782,1171.11
2783,1172.11
2784,1173.11
2785,1174.11
2786,1175.11
2787,1176.11
2788,1177.11
2789,1178.11
2790,1179.11
2791,1180.11
2792,1181.11
2793,1182.11
2794,1183.11
2795,1184.11
2796,1185.11
2797,1186.11
2798,1187.11
2799,1188.11
2800,1189.11
2801,1190.11
2802,1191.11
2803,1192.11
2804,1193.11
2805,1194.11
2806,1195.11
2807,1196.11
2808,1197.11
2809,1198.11
2810,1199.11
2811,1200.11
2812,1201.11
2813,1202.11
2814,1203.11
2815,1204.11
2816,1205.11
2817,1206.11
2818,1207.11
2819,1208.11
2820,1209.11
2821,1210.11
2822,1211.11
2823,1212.11
2824,1213.11
2825,1214.11
2826,1215.11
2827,1216.11
2828,1217.11
2829,1218.11
2830,1219.11
2831,1220.11
2832,1221.11
2833,1222.11
2834,1223.11
2835,1224.11
2836,1225.11
2837,1226.11
2838,1227.11
2839,1228.11
2840,1229.11
2841,1230.11
2842,1231.11
2843,1232.11
2844,1233.11
2845,1234.11
2846,1235.11
2847,1236.11
2848,1237.11
2849,1238.11
2850,1239.11
2851,1240.11
2852,1241.11
2853,1242.11
2854,1243.11
2855,1244.11
2856,1245.11
2857,1246.11
2858,1247.11
2859,1248.11
2860,1249.11
2861,1250.11
2862,1251.11
2863,1252.11
2864,1253.11
2865,1254.11
2866,1255.11
2867,1256.11
2868,1257.11
2869,1258.11
2870,1259.11
2871,1260.11
2872,1261.11
2873,1262.11
2874,1263.11
2875,1264.11
2876,1265.11
2877,1266.11
2878,1267.11
2879,1268.11
2880,1269.11
2881,1270.11
2882,1271.11
2883,1272.11
2884,1273.11
2885,1274.11
2886,1275.11
2887,1276.11
2888,1277.11
2889,1278.11
2890,1279.11
2891,1280.11
2892,1281.11
2893,1282.11
2894,1283.11
2895,1284.11
2896,1285.11
2897,1286.11
2898,1287.11
2899,1288.11
2900,1289.11
2901,1290.11
2902,1291.11
2903,1292.11
2904,1293.11
2905,1294.11
2906,1295.11
2907,1296.11
2908,1297.11
2909,1298.11
2910,1299.11
2911,1300.11
2912,1301.11
2913,1302.11
2914,1303.11
2915,1304.11
2916,1305.11
2917,1306.11
2918,1307.11
2919,1308.11
2920,1309.11
2921,1310.11
2922,1311.11
2923,1312.11
2924,1313.11
2925,1314.11
2926,1315.11
2927,1316.11
2928,1317.11
2929,1318.11
2930,1319.11
2931,1320.11
2932,1321.11
2933,1322.11
2934,1323.11
2935,1324.11
2936,1325.11
2937,1326.11
2938,1327.11
2939,1328.11
2940,1329.11
2941,1330.11
2942,1331.11
2943,1332.11
2944,1333.11
2945,1334.11
2946,1335.11
2947,1336.11
2948,1337.11
2949,1338.11
2950,1339.11
2951,1340.11
2952,1341.11
2953,1342.11
2954,1343.11
2955,1344.11
2956,1345.11
2957,1346.11
2958,1347.11
2959,1348.11
2960,1349.11
2961,1350.11
2962,1351.11
2963,1352.11
2964,1353.11
2965,1354.11
2966,1355.11
2967,1356.11
2968,1357.11
2969,1358.11
2970,1359.11
2971,1360.11
2972,1361.11
2973,1362.11
2974,1363.11
2975,1364.11
2976,1365.11
2977,1366.11
2978,1367.11
2979,1368.11
2980,1369.11
2981,1370.11
2982,1371.11
2983,1372.11
2984,1373.11
2985,1374.11
2986,1375.11
2987,1376.11
2988,1377.11
2989,1378.11
2990,1379.11
2991,1380.11
2992,1381.11
2993,1382.11
2994,1383.11
2995,1384.11
2996,1385.11
2997,1386.11
2998,1387.11
2999,1388.11
3000,1389.11
s,e,r,i,a,l,_,n,u,m,b,e,r
5, ,y,e,a,r
